,model_2000020_reward_86.29.pkl,model_11800000_reward_-301983.8.pkl,model_8202080_reward_674.2.pkl
pnl_live,55683.65708356865,9845.85296051085,20927.02409442202
dd,-4844.248993817273,-4888.748914447111,-4914.222608294932
lowest_point,-517.4566306862214,-4214.815674581618,-1338.5645572498352
total_trades,9874.0,962.0,3114.0
trade_duration,3.5537388795383507,9.913721413721413,6.377719756309834
