,model_2000020_reward_86.29.pkl,model_11800000_reward_-301983.8.pkl,model_4200800_reward_-34.27.pkl
pnl_live,47480.57763542877,8006.169132863593,15019.951823379115
dd,-5356.56605764549,-4620.262040223204,-4815.975717715695
lowest_point,-524.4766306862214,-3778.573890422146,-1789.4507667328473
total_trades,9886.0,990.0,2148.0
trade_duration,3.5873596876525133,9.886868686868686,5.861875
