,model_2000020_reward_86.29.pkl,model_11800000_reward_-301983.8.pkl,model_8202080_reward_674.2.pkl
pnl_live,55933.168263725674,7356.402483410502,15816.976174314881
dd,-4844.248993817273,-4504.042040223207,-4448.595717715652
lowest_point,-517.4566306862214,-3650.653890422149,-1668.9757772466692
total_trades,9855.0,992.0,2153.0
trade_duration,3.5483715319662243,9.908266129032258,5.849502487562189
