,model_2000020_reward_86.29.pkl,model_11800000_reward_-301983.8.pkl,model_8202080_reward_674.2.pkl
pnl_live,55610.55896079444,7468.38194271678,15956.92420342105
dd,-4844.248993817273,-4504.042040223207,-4448.595717715652
lowest_point,-517.4566306862214,-3650.653890422149,-1668.9757772466692
total_trades,9840.0,994.0,2155.0
trade_duration,3.555662883361507,9.899396378269618,5.853325046612803
