,model_10000000_reward_1305613.76.pkl,model_2000020_reward_65.73.pkl,model_4000020_reward_33.81.pkl,model_6000020_reward_956.02.pkl,model_6501540_reward_125.63.pkl,model_8249280_reward_-60.46.pkl,model_8000020_reward_1882.94.pkl
pnl_live,48427.94838858493,96184.899025078,121451.38278603803,116591.64823647524,87992.17640939947,45241.06686896758,108620.04272551578
dd,-12805.081070816348,-15551.334325350668,-9622.476746417713,-7671.855460942039,-11284.228664768496,-9471.661083330808,-14991.569837804083
lowest_point,-3311.6501614496065,0.0,-245.552040884183,-739.1277337741051,-517.840572220264,-1838.3586549871898,-965.1675357976214
total_trades,3991.0,5313.0,8856.0,757.0,2941.0,7070.0,487.0
trade_duration,7.765841584158416,5.267152398299939,3.3201581027667983,26.957773512476006,8.85508790623335,4.167293233082707,38.405092592592595
