,model_2000020_reward_86.29.pkl,model_11800000_reward_-301983.8.pkl,model_4200800_reward_-34.27.pkl
pnl_live,48413.40848458699,8101.309938270743,15110.323787200154
dd,-4987.768993817248,-4620.262040223204,-4815.975717715695
lowest_point,-524.4766306862214,-3778.573890422146,-1789.4507667328473
total_trades,9875.0,990.0,2147.0
trade_duration,3.5695557174071375,9.881818181818181,5.862867877269881
