,model_2000020_reward_86.29.pkl,model_11800000_reward_-301983.8.pkl,model_4200800_reward_-34.27.pkl
pnl_live,55595.93645494162,8894.59265210986,16538.284810510297
dd,-4844.248993817273,-4504.042040223207,-4448.595717715652
lowest_point,-517.4566306862214,-3650.653890422149,-1668.9757772466692
total_trades,9828.0,991.0,2149.0
trade_duration,3.551282051282051,9.889001009081735,5.865084322298563
