,model_2000020_reward_86.29.pkl,model_11800000_reward_-301983.8.pkl,model_8202080_reward_674.2.pkl
pnl_live,56903.64973695319,9968.428835001036,21411.880717143235
dd,-4844.248993817273,-4885.935099458038,-4914.222608294932
lowest_point,-517.4566306862214,-4214.815674581618,-1338.5645572498352
total_trades,9893.0,962.0,3118.0
trade_duration,3.5512359011279098,9.928274428274428,6.372284969591659
