,model_2000020_reward_86.29.pkl,model_11800000_reward_-301983.8.pkl,model_4200800_reward_-34.27.pkl
pnl_live,57400.31648911775,8792.306980329891,16222.777065374894
dd,-4844.248993817273,-4504.042040223207,-4448.595717715652
lowest_point,-517.4566306862214,-3650.653890422149,-1668.9757772466692
total_trades,9826.0,990.0,2156.0
trade_duration,3.5484416525730853,9.905050505050506,5.8619612742036225
