,model_2000020_reward_86.29.pkl,model_11800000_reward_-301983.8.pkl,model_4200800_reward_-34.27.pkl
pnl_live,48214.07932468381,7890.277816477931,15210.08767278376
dd,-4987.768993817248,-4620.262040223204,-4815.975717715695
lowest_point,-524.4766306862214,-3778.573890422146,-1789.4507667328473
total_trades,9891.0,990.0,2141.0
trade_duration,3.58837890625,9.868686868686869,5.850438047559449
