,model_2000020_reward_86.29.pkl,model_11800000_reward_-301983.8.pkl,model_8202080_reward_674.2.pkl
pnl_live,56350.861421609115,9963.948675749272,21963.026136598473
dd,-4844.248993817273,-4885.935099458038,-4914.222608294932
lowest_point,-517.4566306862214,-4214.815674581618,-1338.5645572498352
total_trades,9890.0,963.0,3118.0
trade_duration,3.5515340364333654,9.919003115264797,6.378366637706343
