,model_2000020_reward_86.29.pkl,model_10090860_reward_23.8.pkl,model_10000000_reward_1817285.51.pkl
pnl_live,51066.34922361985,12676.925574557794,13514.217271782232
dd,-4987.768993817248,-4620.262040223204,-4815.975717715695
lowest_point,-524.4766306862214,-3778.573890422146,-1789.4507667328473
total_trades,9787.0,942.0,2040.0
trade_duration,3.5656836461126007,9.887473460721868,6.089709762532982
