,model_2000020_reward_86.29.pkl,model_11800000_reward_-301983.8.pkl,model_8202080_reward_674.2.pkl
pnl_live,56913.75493183183,10086.945189140495,21296.392516893953
dd,-4844.248993817273,-4888.083814410127,-4914.222608294932
lowest_point,-517.4566306862214,-4214.815674581618,-1338.5645572498352
total_trades,9898.0,963.0,3116.0
trade_duration,3.5609228550829126,9.91381100726895,6.373315949587136
