,model_2000020_reward_86.29.pkl,model_11800000_reward_-301983.8.pkl,model_8202080_reward_674.2.pkl
pnl_live,54811.65822888901,7568.040268805702,16911.792022541104
dd,-4844.248993817273,-4504.042040223207,-4448.595717715652
lowest_point,-517.4566306862214,-3650.653890422149,-1668.9757772466692
total_trades,9826.0,992.0,2150.0
trade_duration,3.553273737617782,9.903225806451612,5.853051058530511
