,model_2000020_reward_86.29.pkl,model_11800000_reward_-301983.8.pkl,model_4200800_reward_-34.27.pkl
pnl_live,50576.22468915964,8061.865815682158,15250.711879762799
dd,-4987.768993817248,-4620.262040223204,-4815.975717715695
lowest_point,-524.4766306862214,-3778.573890422146,-1789.4507667328473
total_trades,9904.0,989.0,2139.0
trade_duration,3.582337155403757,9.8685540950455,5.886091881686595
