,model_2000020_reward_86.29.pkl,model_11800000_reward_-301983.8.pkl,model_8202080_reward_674.2.pkl
pnl_live,56663.090647816774,9954.344076727266,21613.704224037505
dd,-4844.248993817273,-4885.935099458038,-4914.222608294932
lowest_point,-517.4566306862214,-4214.815674581618,-1338.5645572498352
total_trades,9893.0,964.0,3121.0
trade_duration,3.562439961575408,9.913900414937759,6.374565972222222
