,model_2000020_reward_86.29.pkl,model_11800000_reward_-301983.8.pkl,model_8202080_reward_674.2.pkl
pnl_live,56362.379481893564,7164.60649721867,16490.560797220485
dd,-4844.248993817273,-4504.042040223207,-4448.595717715652
lowest_point,-517.4566306862214,-3650.653890422149,-1668.9757772466692
total_trades,9850.0,994.0,2158.0
trade_duration,3.554725168756027,9.921529175050301,5.860955927995034
