,model_10000000_reward_1305613.76.pkl,model_2000020_reward_65.73.pkl,model_4000020_reward_33.81.pkl,model_6000020_reward_956.02.pkl,model_6501540_reward_125.63.pkl,model_8249280_reward_-60.46.pkl,model_8000020_reward_1882.94.pkl
pnl_live,48663.67103152347,93820.2088791998,120645.8432186444,115820.98388760437,87365.80938054329,44720.070750600826,108628.27281958089
dd,-12805.081070816348,-15551.334325350668,-9622.476746417713,-7671.855460942039,-11284.228664768496,-9471.661083330808,-14991.569837804083
lowest_point,-3311.6501614496065,0.0,-245.552040884183,-739.1277337741051,-517.840572220264,-1838.3586549871898,-965.1675357976214
total_trades,3981.0,5299.0,8827.0,757.0,2938.0,7048.0,487.0
trade_duration,7.787593052109181,5.283973187081048,3.3338001867413634,26.942418426103647,8.832443970117396,4.182880844645551,38.38194444444444
