,model_2000020_reward_86.29.pkl,model_11800000_reward_-301983.8.pkl,model_8202080_reward_674.2.pkl
pnl_live,56624.705221578435,10083.899526544154,21205.91651776572
dd,-4844.248993817273,-4891.129477006469,-4914.222608294932
lowest_point,-517.4566306862214,-4214.815674581618,-1338.5645572498352
total_trades,9887.0,963.0,3114.0
trade_duration,3.5533397405093705,9.907580477673935,6.376685515441496
