,model_2000020_reward_86.29.pkl,model_11800000_reward_-301983.8.pkl,model_8202080_reward_674.2.pkl
pnl_live,57055.3808060662,7276.393108396404,16385.77531324787
dd,-4844.248993817273,-4504.042040223207,-4448.595717715652
lowest_point,-517.4566306862214,-3650.653890422149,-1668.9757772466692
total_trades,9858.0,995.0,2160.0
trade_duration,3.554031287605295,9.917587939698493,5.856788592684439
