,model_10000000_reward_1305613.76.pkl,model_2000020_reward_65.73.pkl,model_4000020_reward_33.81.pkl,model_6000020_reward_956.02.pkl,model_6501540_reward_125.63.pkl,model_8249280_reward_-60.46.pkl,model_8000020_reward_1882.94.pkl
pnl_live,48663.67103152347,93202.56609403076,120048.51709655827,115820.98388760437,86973.59694585488,44756.36226074322,108628.27281958089
dd,-12805.081070816348,-15551.334325350668,-9622.476746417713,-7671.855460942039,-11284.228664768496,-9471.661083330808,-14991.569837804083
lowest_point,-3311.6501614496065,0.0,-245.552040884183,-739.1277337741051,-517.840572220264,-1838.3586549871898,-965.1675357976214
total_trades,3981.0,5297.0,8825.0,757.0,2938.0,7045.0,487.0
trade_duration,7.7846153846153845,5.2856707317073175,3.3341896310135453,26.930902111324375,8.82924226254002,4.182949830252735,38.36805555555556
