,model_2000020_reward_86.29.pkl,model_11800000_reward_-301983.8.pkl,model_8202080_reward_674.2.pkl
pnl_live,57426.39584503027,9982.77662601087,21556.02200438421
dd,-4844.248993817273,-4885.935099458038,-4914.222608294932
lowest_point,-517.4566306862214,-4214.815674581618,-1338.5645572498352
total_trades,9879.0,964.0,3122.0
trade_duration,3.560326217318302,9.91804979253112,6.371639202081527
