,model_2000020_reward_86.29.pkl,model_11800000_reward_-301983.8.pkl,model_8202080_reward_674.2.pkl
pnl_live,55506.75159437643,9881.651528372626,20997.806715515388
dd,-4844.248993817273,-4885.935099458038,-4914.222608294932
lowest_point,-517.4566306862214,-4214.815674581618,-1338.5645572498352
total_trades,9874.0,961.0,3112.0
trade_duration,3.5504322766570606,9.918834547346513,6.381533101045296
