,model_2000020_reward_86.29.pkl,model_11800000_reward_-301983.8.pkl,model_8202080_reward_674.2.pkl
pnl_live,55687.154857680696,7272.744574095236,16072.116268585938
dd,-4844.248993817273,-4504.042040223207,-4448.595717715652
lowest_point,-517.4566306862214,-3650.653890422149,-1668.9757772466692
total_trades,9851.0,995.0,2156.0
trade_duration,3.5503129513721716,9.893467336683416,5.853416149068323
