,model_2000020_reward_86.29.pkl,model_11800000_reward_-301983.8.pkl,model_8202080_reward_674.2.pkl
pnl_live,57360.81447674178,9843.995188925328,21927.50153698937
dd,-4844.248993817273,-4885.935099458038,-4914.222608294932
lowest_point,-517.4566306862214,-4214.815674581618,-1338.5645572498352
total_trades,9911.0,968.0,3128.0
trade_duration,3.5453893932154803,9.884297520661157,6.363479013414106
