,model_2000020_reward_86.29.pkl,model_11800000_reward_-301983.8.pkl,model_8202080_reward_674.2.pkl
pnl_live,55910.529077076186,9829.607529394998,21912.774476581784
dd,-4844.248993817273,-4885.935099458038,-4914.222608294932
lowest_point,-517.4566306862214,-4214.815674581618,-1338.5645572498352
total_trades,9902.0,968.0,3127.0
trade_duration,3.556540488739818,9.882231404958677,6.365367965367965
